employeenumber,job_id,date_id,attrition_flag,monthlyincome,overtime_flag,performancerating,jobsatisfaction,environmentsatisfaction
1,1,1,1,5993,1,3,4,2
2,2,1,0,5130,0,4,2,3
4,3,1,1,2090,1,3,3,4
5,4,1,0,2909,1,3,3,4
7,3,1,0,3468,0,3,2,1
8,5,1,0,3068,0,3,4,4
10,3,1,0,2670,1,4,1,3
11,3,1,0,2693,0,4,3,4
12,6,1,0,9526,0,4,3,4
13,7,1,0,5237,0,3,3,3
14,3,1,0,2426,0,3,2,1
15,8,1,0,4193,1,3,3,4
16,9,1,0,2911,0,3,3,1
18,3,1,0,2661,0,3,4,2
19,3,1,1,2028,1,3,3,3
20,10,1,0,9980,0,3,1,2
21,9,1,0,3298,1,3,2,1
22,11,1,0,2935,1,3,4,4
23,12,1,0,15427,0,3,4,1
24,9,1,0,3944,1,3,4,4
26,13,1,0,4011,0,3,3,1
27,14,1,1,3407,0,4,1,3
28,15,1,0,11994,0,3,2,1
30,9,1,0,1232,0,3,4,3
31,9,1,1,2960,0,3,1,2
32,16,1,0,19094,0,3,3,3
33,4,1,1,3919,1,4,1,2
35,1,1,0,6825,0,3,2,3
36,17,1,0,10248,0,3,4,1
38,18,1,0,18947,0,3,1,2
39,3,1,0,2496,0,3,4,3
40,7,1,0,6465,1,3,4,4
41,3,1,0,2206,0,3,3,4
42,19,1,1,2086,0,3,4,4
45,9,1,1,2293,1,3,4,2
46,9,1,0,2645,0,3,3,4
47,14,1,1,2683,1,3,3,1
49,14,1,0,2014,0,3,4,4
51,9,1,0,3419,1,3,1,2
52,20,1,0,5376,0,3,1,3
53,3,1,0,1951,0,3,4,3
54,3,1,0,2341,0,3,1,4
55,3,1,1,2293,0,3,3,1
56,21,1,0,8726,0,3,3,4
57,22,1,0,4011,0,4,4,3
58,23,1,1,19545,0,3,3,2
60,24,1,0,4568,0,4,3,2
61,9,1,0,3022,0,4,2,2
62,20,1,0,5772,1,4,4,1
63,3,1,0,2269,0,3,4,4
64,25,1,1,5381,1,3,3,1
65,3,1,1,3441,1,3,3,3
68,1,1,0,5454,1,4,1,2
70,26,1,0,9884,1,3,1,3
72,1,1,0,4157,1,3,4,3
73,27,1,0,13458,1,3,4,1
74,21,1,0,9069,0,4,1,2
75,3,1,0,4014,1,3,1,3
76,8,1,0,5915,0,4,4,4
77,28,1,0,5993,0,3,3,1
78,28,1,0,6162,1,4,4,1
79,22,1,0,2406,0,3,4,4
80,23,1,0,18740,1,3,3,2
81,29,1,0,7637,0,3,1,1
83,17,1,0,10096,0,3,3,3
84,30,1,0,14756,1,3,3,4
85,31,1,0,6499,0,3,2,2
86,32,1,0,9724,0,3,1,2
88,4,1,0,2194,0,3,1,2
90,9,1,1,3388,1,3,3,4
91,20,1,0,5473,0,3,3,1
94,9,1,0,2703,0,4,2,3
95,9,1,0,2501,0,3,2,3
96,33,1,0,6220,0,3,2,2
97,3,1,0,3038,0,3,4,2
98,28,1,0,4424,0,4,4,3
100,1,1,0,4312,0,3,1,3
101,15,1,0,13245,1,3,1,4
102,15,1,0,13664,0,3,3,1
103,34,1,0,5021,1,4,2,2
104,8,1,0,5126,1,3,4,4
105,9,1,0,2859,0,3,3,2
106,29,1,0,10239,0,3,4,1
107,35,1,0,5329,1,3,4,2
110,28,1,0,4325,0,3,2,1
112,10,1,0,7260,0,3,4,4
113,14,1,0,2322,0,3,1,3
116,3,1,0,2075,0,4,4,4
117,7,1,0,4152,0,3,4,3
118,29,1,1,9619,0,3,4,3
119,36,1,0,13503,0,4,2,3
120,1,1,0,5441,1,4,4,3
121,1,1,0,5209,1,3,2,3
124,37,1,0,10673,1,3,1,3
125,1,1,0,5010,0,3,3,2
126,15,1,0,13549,0,3,3,1
128,1,1,0,4999,0,4,3,1
129,24,1,0,4221,0,3,3,2
131,38,1,0,13872,0,3,3,4
132,39,1,0,2042,0,3,2,2
133,40,1,1,2073,1,4,1,3
134,9,1,0,2956,0,3,1,4
137,5,1,1,2926,1,3,4,4
138,33,1,0,4809,0,3,3,1
139,41,1,0,5163,0,3,4,3
140,42,1,0,18844,0,4,4,3
141,43,1,0,18172,1,3,2,1
142,1,1,1,5744,1,3,3,3
143,9,1,0,2889,0,3,4,4
144,3,1,0,2871,0,3,4,2
145,37,1,0,7484,0,4,1,1
147,22,1,1,6074,1,4,3,1
148,44,1,0,17328,1,3,4,4
150,3,1,0,2774,0,3,3,2
151,33,1,0,4505,0,3,2,3
152,29,1,0,7428,0,3,4,3
153,45,1,0,11631,0,3,1,3
154,21,1,0,9738,0,3,4,2
155,3,1,0,2835,0,4,4,1
158,46,1,0,16959,1,3,4,3
159,4,1,0,2613,0,4,3,1
160,24,1,0,6146,0,3,2,3
161,9,1,1,4963,1,3,2,2
162,23,1,0,19537,0,3,3,1
163,1,1,1,6172,1,3,3,2
164,9,1,0,2368,0,3,2,3
165,17,1,1,10312,0,3,4,4
167,14,1,1,1675,1,3,3,4
169,3,1,0,2523,0,3,4,3
170,28,1,0,6567,0,3,1,3
171,4,1,0,4739,0,3,3,2
174,21,1,0,9208,0,3,4,3
175,1,1,1,4559,1,3,3,2
176,29,1,0,8189,1,3,3,3
177,40,1,0,2942,0,4,3,3
178,28,1,0,4941,0,4,2,2
179,6,1,1,10650,0,3,4,1
182,1,1,0,5902,0,3,3,4
183,1,1,0,8639,0,3,3,1
184,34,1,0,6347,1,3,4,3
190,3,1,1,4200,0,4,1,1
192,9,1,0,3452,0,3,4,3
193,33,1,0,4317,1,4,3,4
194,9,1,0,2632,0,3,3,1
195,20,1,0,4668,0,3,4,4
197,9,1,0,3204,0,3,1,4
198,3,1,0,2720,0,3,4,2
199,47,1,0,17181,0,3,1,4
200,3,1,0,2238,0,4,1,3
201,3,1,0,1483,0,3,2,2
202,2,1,0,5605,0,3,2,2
204,29,1,0,7295,0,3,2,3
205,19,1,0,2306,1,4,3,2
206,8,1,0,2348,0,3,2,2
207,21,1,0,8998,0,3,4,2
208,13,1,0,4319,0,3,3,4
211,28,1,0,6132,0,3,3,2
214,9,1,0,3346,1,4,2,2
215,29,1,0,10855,0,3,4,3
216,48,1,0,2231,0,3,3,3
217,9,1,0,2323,0,4,4,3
218,49,1,0,2024,0,3,2,4
221,9,1,0,2713,0,3,4,3
223,17,1,0,9439,1,3,4,3
224,49,1,0,2566,1,3,3,3
226,16,1,0,19926,0,3,2,3
227,9,1,0,2451,0,3,3,1
228,29,1,0,9419,0,3,4,2
230,1,1,0,8686,0,4,4,1
231,9,1,0,3038,0,4,3,3
233,9,1,0,3058,1,3,2,3
235,48,1,1,2325,0,4,1,3
238,5,1,0,2088,0,3,2,4
239,39,1,0,3072,0,3,1,3
240,1,1,0,5006,1,3,1,3
241,9,1,0,4257,1,3,1,3
242,9,1,0,2500,0,3,4,3
243,3,1,1,1102,0,4,4,2
244,29,1,0,10453,0,4,1,2
245,3,1,0,2288,0,3,4,3
246,9,1,0,3929,1,4,4,3
247,9,1,0,2311,0,3,2,4
248,14,1,1,3140,1,4,2,2
249,3,1,0,3690,0,3,3,3
250,28,1,0,4450,0,3,1,4
252,9,1,0,2756,0,3,2,4
253,16,1,0,19033,0,3,3,4
254,23,1,0,18722,0,3,2,3
256,31,1,0,9547,0,3,3,4
258,50,1,0,13734,0,3,2,4
259,16,1,0,19999,0,3,3,3
260,9,1,0,2279,0,3,2,4
261,28,1,1,5916,1,3,3,2
262,49,1,0,2089,0,3,4,4
264,51,1,0,16792,0,4,4,1
267,9,1,0,3564,1,3,1,2
269,22,1,0,4425,0,3,2,2
270,13,1,0,5265,0,3,3,3
271,28,1,0,6553,0,3,3,4
273,28,1,0,6261,0,3,4,4
274,31,1,0,4298,0,3,1,3
275,13,1,0,6804,1,3,4,4
277,4,1,0,3815,1,3,3,4
281,8,1,0,2741,1,3,4,3
282,7,1,1,6673,1,3,1,2
283,29,1,1,7639,0,4,4,2
284,9,1,0,2328,1,3,2,4
286,5,1,0,2153,0,3,4,2
287,41,1,0,4876,0,3,4,4
288,17,1,0,9396,0,3,1,4
291,29,1,1,10400,0,3,4,4
292,52,1,0,8474,0,4,3,3
293,20,1,0,9981,0,3,3,4
296,15,1,0,12490,0,3,2,2
297,9,1,1,2657,1,3,1,4
298,53,1,0,13591,1,3,4,4
299,20,1,1,6696,0,3,1,3
300,9,1,1,2058,0,3,3,3
302,54,1,0,8865,0,3,4,4
303,1,1,0,5940,0,3,1,4
304,8,1,0,5914,0,3,2,4
305,9,1,0,2622,0,4,2,3
306,27,1,0,12185,1,3,4,2
307,29,1,0,10609,0,3,3,1
308,13,1,0,4345,0,3,3,3
309,9,1,0,2177,0,3,4,3
311,48,1,0,2793,0,3,4,1
312,21,1,0,7918,0,3,4,2
314,21,1,0,8789,0,3,3,3
315,9,1,1,2389,1,3,4,3
316,3,1,0,3212,0,3,4,3
319,16,1,0,19232,0,3,4,3
321,40,1,0,2267,0,3,3,2
323,18,1,0,19517,0,3,4,4
325,3,1,1,2436,1,3,4,3
327,12,1,0,16064,1,4,4,4
328,3,1,1,2707,0,4,1,1
329,55,1,0,19068,1,3,3,1
330,14,1,0,3931,0,3,2,3
331,3,1,1,3730,1,3,3,4
332,3,1,0,2232,0,3,3,3
333,24,1,0,4465,0,3,4,3
334,33,1,0,3072,0,3,1,3
335,33,1,0,3319,0,3,4,1
336,16,1,0,19202,0,3,4,3
337,27,1,0,13675,0,3,3,2
338,9,1,0,2911,0,3,4,3
339,28,1,0,5957,0,3,1,4
340,9,1,0,3920,0,3,1,3
341,31,1,0,6434,0,3,3,1
342,6,1,1,10048,0,3,3,1
343,37,1,0,10938,0,4,3,3
346,9,1,0,2340,0,3,4,3
347,33,1,0,6545,1,3,1,4
349,1,1,0,6931,0,3,4,4
350,28,1,0,4898,0,3,3,1
351,3,1,0,2593,1,3,1,4
352,23,1,0,19436,0,3,3,1
353,9,1,0,2723,0,3,4,3
355,5,1,1,3479,0,3,2,3
359,5,1,0,2794,0,4,2,2
361,24,1,0,5249,0,3,4,4
362,8,1,0,2176,0,3,1,4
363,12,1,0,16872,1,3,2,3
364,3,1,1,3485,0,3,3,1
366,1,1,0,6644,0,3,2,1
367,7,1,0,5582,0,4,4,2
369,41,1,0,4000,0,3,1,2
372,50,1,0,13496,1,3,4,3
373,3,1,0,3210,0,3,4,4
374,16,1,0,19045,1,3,1,4
376,56,1,1,11849,1,3,2,1
377,9,1,0,2070,0,4,4,4
378,1,1,0,6502,0,3,4,3
379,9,1,0,3230,0,3,3,4
380,57,1,0,13603,1,3,4,1
381,45,1,0,11996,0,3,2,2
382,1,1,0,5605,1,4,1,1
384,31,1,0,6397,0,4,2,3
385,23,1,0,19144,0,3,2,1
386,58,1,0,17584,1,3,3,3
387,1,1,0,4907,0,4,3,2
388,20,1,0,4554,0,3,4,2
389,8,1,0,5415,1,3,4,2
390,59,1,0,4741,1,3,1,1
391,9,1,0,2115,0,3,4,4
392,5,1,1,3161,1,4,3,4
393,7,1,0,5745,0,3,4,4
394,3,1,1,2373,1,3,2,1
395,9,1,0,3310,0,4,4,4
396,43,1,0,18665,1,3,1,3
397,33,1,0,4485,0,3,2,3
399,48,1,0,2789,0,3,2,4
401,1,1,1,5828,1,3,4,4
403,4,1,0,2326,1,3,4,2
404,60,1,0,13525,0,3,2,3
405,3,1,1,1420,0,3,3,3
406,29,1,0,8020,0,3,2,3
407,5,1,0,3688,0,3,4,3
408,28,1,0,5482,0,3,2,4
410,12,1,0,16015,0,3,2,4
411,14,1,0,1200,0,3,3,4
412,7,1,0,5661,0,3,1,2
416,1,1,0,6929,0,3,4,2
417,17,1,0,9613,0,3,4,3
419,39,1,0,5674,0,3,2,2
420,1,1,0,5484,0,3,3,4
421,15,1,0,12061,0,3,2,1
422,41,1,0,5660,1,3,3,4
423,9,1,0,4821,1,3,4,3
424,34,1,0,6410,0,3,1,1
425,61,1,0,5210,0,3,1,1
426,9,1,0,2695,1,3,4,3
428,62,1,0,11878,0,3,2,4
429,30,1,0,17068,1,3,1,3
430,5,1,0,2455,0,3,4,3
431,50,1,0,13964,1,3,3,3
433,33,1,1,4941,0,3,2,3
434,9,1,0,2478,1,3,2,3
436,1,1,0,5228,1,3,2,3
437,1,1,0,4478,1,3,3,4
438,1,1,0,7547,0,3,4,4
439,33,1,0,5055,0,3,4,1
440,9,1,1,3464,1,3,4,1
441,33,1,0,5775,0,3,4,4
442,6,1,0,8943,0,4,3,3
444,63,1,0,19272,0,3,4,3
445,1,1,1,5238,1,3,3,4
446,20,1,0,4682,0,3,4,2
447,23,1,0,18300,0,3,3,4
448,22,1,0,5257,0,3,3,3
449,24,1,0,6349,1,3,2,3
450,2,1,0,4869,0,3,3,4
451,17,1,0,9985,0,3,1,3
452,33,1,0,3697,0,3,4,4
453,1,1,0,7457,1,4,4,2
454,3,1,1,2119,1,3,1,2
455,3,1,0,3983,0,3,4,2
456,1,1,0,6118,0,3,3,4
458,1,1,0,6214,0,3,2,2
460,28,1,0,6347,0,3,4,4
461,15,1,0,11510,1,3,4,3
462,10,1,0,7143,1,3,4,3
463,1,1,0,8268,1,3,2,4
464,10,1,0,8095,0,3,2,3
465,9,1,0,2904,0,3,4,3
466,28,1,0,6032,1,3,2,4
467,64,1,0,2976,0,3,3,2
468,58,1,0,15992,0,3,4,1
469,24,1,0,4649,0,3,3,4
470,40,1,0,2696,1,3,3,3
471,3,1,0,2370,0,3,2,3
473,53,1,0,12504,0,4,3,1
474,33,1,0,5974,1,3,1,3
475,24,1,0,4736,1,3,3,4
476,1,1,0,5296,0,3,3,3
477,7,1,0,6781,0,4,4,1
478,48,1,1,2174,1,3,2,1
479,24,1,0,6653,0,3,4,4
481,21,1,0,9699,0,3,4,1
482,7,1,0,6755,0,3,3,4
483,3,1,0,2213,1,3,3,4
484,65,1,0,2610,0,4,4,1
485,14,1,1,2851,1,3,3,4
486,3,1,0,3452,0,4,1,3
487,13,1,0,5258,0,3,3,3
488,20,1,1,9355,0,3,2,1
491,17,1,0,10496,0,3,4,4
492,1,1,1,6380,1,3,3,3
493,9,1,0,2657,1,3,2,3
494,14,1,1,2716,0,3,2,3
495,9,1,0,2201,0,3,4,4
496,7,1,0,6540,0,3,2,3
497,3,1,0,3816,0,3,2,4
498,1,1,0,5253,0,3,4,2
499,17,1,0,10965,0,4,3,2
500,1,1,0,4936,0,3,4,3
501,9,1,0,2543,0,3,3,4
502,24,1,1,5304,1,3,4,1
505,30,1,0,16659,1,3,4,3
507,1,1,0,4260,1,3,3,4
508,14,1,0,2476,0,3,2,3
510,4,1,1,3102,0,4,1,3
511,9,1,0,2244,0,3,2,1
513,29,1,0,7596,0,3,3,2
514,4,1,1,2285,1,4,4,3
515,3,1,0,3034,0,3,1,4
516,1,1,0,5715,0,3,2,4
517,3,1,0,2576,0,3,1,2
518,28,1,0,4197,1,3,2,3
520,58,1,0,14336,0,3,2,1
521,8,1,0,3448,0,4,3,2
522,23,1,0,19406,0,3,1,1
523,24,1,0,6538,0,3,3,3
524,28,1,0,4306,0,3,1,2
525,5,1,0,2258,0,4,4,4
526,7,1,0,4522,1,3,3,3
527,1,1,0,4487,1,3,4,2
529,35,1,0,4449,1,3,3,2
530,3,1,0,2218,0,3,1,4
531,63,1,0,19197,1,3,3,2
532,60,1,0,13212,0,3,1,3
533,1,1,0,6577,0,3,3,2
534,29,1,0,8392,0,3,1,2
536,8,1,0,4558,0,3,1,3
538,3,1,1,4031,0,3,1,1
543,10,1,0,7969,1,3,3,4
544,9,1,0,2654,0,4,4,1
546,30,1,0,16555,0,3,4,4
547,2,1,0,4556,0,3,3,1
548,28,1,0,6091,0,4,4,3
549,16,1,0,19566,0,3,1,1
550,28,1,0,4810,0,3,3,3
551,59,1,0,4523,0,3,4,4
554,14,1,1,3202,1,3,2,1
555,48,1,1,2351,0,3,3,4
556,5,1,0,1702,1,4,4,4
558,18,1,0,18041,0,3,3,3
560,9,1,0,2886,0,4,4,1
562,11,1,0,2097,0,3,4,3
564,15,1,0,11935,0,3,3,2
565,9,1,1,2546,0,3,2,3
566,40,1,1,2564,0,3,4,1
567,54,1,0,8412,0,3,1,3
568,12,1,0,14118,0,3,4,1
569,30,1,0,17046,0,3,3,2
571,11,1,0,2564,0,3,4,3
573,21,1,0,10266,0,3,1,3
574,28,1,0,5070,0,3,4,1
575,58,1,0,17861,0,3,3,1
577,3,1,0,4230,0,3,3,4
578,8,1,0,3780,0,3,3,3
579,9,1,0,2768,0,3,3,4
580,29,1,0,9071,1,3,4,3
581,10,1,0,10648,0,4,2,3
582,45,1,1,13610,1,3,3,2
584,3,1,1,3408,0,3,4,1
585,14,1,0,2983,0,3,2,4
586,17,1,0,7632,1,3,3,4
587,37,1,1,9824,0,3,3,1
590,66,1,1,9950,1,3,1,2
591,5,1,0,2093,0,3,3,2
592,54,1,0,9980,0,3,4,2
593,5,1,1,3894,0,3,3,3
595,1,1,0,4051,0,3,4,2
597,12,1,0,16835,0,4,2,1
599,24,1,0,6230,0,3,4,4
600,1,1,0,4717,0,3,3,2
601,67,1,0,13237,0,3,3,2
602,5,1,0,3755,0,3,3,3
604,1,1,0,6582,1,3,4,2
605,10,1,0,7406,1,4,1,4
606,1,1,0,4805,0,3,2,4
608,68,1,1,2741,1,3,3,2
611,28,1,0,4262,0,3,4,4
612,58,1,0,16184,0,3,3,1
613,53,1,0,11557,0,4,4,3
614,48,1,1,1878,1,3,2,2
615,54,1,0,10932,0,3,1,3
616,41,1,0,6811,1,3,3,1
618,1,1,0,4306,0,3,3,1
620,1,1,0,4859,0,3,3,1
621,1,1,0,5337,0,3,4,4
622,3,1,1,2340,1,3,4,3
623,10,1,0,7491,0,3,4,2
624,37,1,0,10527,0,3,3,1
625,12,1,0,16595,0,3,1,2
626,54,1,0,8834,0,3,2,1
630,33,1,0,5577,1,3,1,4
631,24,1,1,4707,0,3,3,4
632,48,1,0,2400,0,3,4,4
634,7,1,0,9824,0,3,3,3
635,28,1,0,6447,0,3,2,2
638,23,1,0,19502,1,3,3,4
639,9,1,0,2725,1,3,4,2
641,1,1,0,6272,0,4,2,1
643,3,1,0,2127,0,4,2,4
644,69,1,0,18200,0,3,2,1
645,14,1,0,2096,0,3,3,2
647,5,1,1,2886,1,3,3,1
648,48,1,1,2033,0,3,1,2
649,9,1,0,3622,1,3,4,2
650,1,1,1,4233,0,3,1,2
652,8,1,0,3681,0,3,4,1
653,1,1,0,5460,0,4,4,1
655,9,1,0,2187,0,3,3,1
656,1,1,0,9602,1,3,3,4
657,9,1,0,2836,0,3,2,4
659,7,1,0,4089,0,3,4,3
661,58,1,0,16627,1,3,4,2
662,9,1,0,2619,0,3,1,3
663,22,1,0,5679,1,3,3,4
664,30,1,0,15402,0,3,1,4
665,34,1,0,5985,0,3,3,1
666,14,1,0,2579,1,3,3,3
667,14,1,1,3041,0,3,1,3
669,14,1,0,3447,0,3,3,3
671,16,1,0,19513,1,3,4,4
675,9,1,0,2773,0,4,3,1
677,1,1,0,7104,0,3,3,3
679,33,1,0,6322,1,3,4,1
680,4,1,0,2083,0,4,3,3
682,1,1,0,8381,0,4,1,4
683,9,1,0,2691,0,3,4,2
684,20,1,1,4286,0,3,1,1
686,3,1,0,2659,1,3,4,3
689,10,1,0,9434,0,3,3,3
690,1,1,0,5561,0,3,3,2
691,33,1,0,6646,0,3,4,2
692,59,1,0,7725,0,4,4,3
698,70,1,0,10725,0,3,2,3
699,28,1,0,8847,1,3,2,2
700,9,1,0,2045,0,3,4,1
701,9,1,1,1009,1,3,3,4
702,4,1,1,3348,1,3,1,1
704,11,1,0,1281,0,3,3,3
705,9,1,0,2819,0,3,1,1
707,1,1,0,4851,0,4,2,4
709,1,1,0,4028,0,4,4,4
710,4,1,0,2720,0,3,4,2
712,1,1,0,8120,0,3,2,2
714,20,1,0,4647,1,4,4,4
715,9,1,0,4680,0,3,4,4
716,3,1,0,3221,1,3,3,4
717,17,1,0,8621,0,3,2,4
720,1,1,1,4577,0,3,3,1
721,7,1,0,4553,0,3,3,4
722,1,1,0,5396,0,3,4,4
723,20,1,1,6796,1,3,3,2
724,7,1,0,7625,0,3,4,2
725,10,1,0,7412,0,3,1,3
727,15,1,0,11159,0,3,4,3
728,1,1,0,4960,0,3,1,4
729,21,1,0,10475,1,4,1,4
730,58,1,0,14814,0,3,3,3
731,71,1,0,19141,0,3,4,2
732,1,1,0,5405,0,3,1,1
733,6,1,0,8793,0,4,1,4
734,71,1,0,19189,0,3,3,4
738,14,1,0,3875,0,3,2,4
741,9,1,1,2216,1,3,2,1
742,57,1,0,11713,0,3,1,1
743,10,1,0,7861,1,3,3,3
744,11,1,0,3708,0,3,3,1
746,60,1,0,13770,1,3,3,4
747,1,1,0,5304,0,4,4,3
749,14,1,0,2642,0,3,3,3
752,4,1,1,2759,1,3,3,3
754,20,1,0,6804,0,3,4,4
757,7,1,0,6142,0,3,3,2
758,3,1,0,2500,0,3,1,2
760,34,1,0,6389,0,3,2,3
762,50,1,0,11103,0,3,4,3
763,9,1,0,2342,1,4,4,4
764,7,1,0,6811,0,3,1,4
766,14,1,0,2297,0,3,2,4
769,8,1,0,2450,0,3,4,4
771,41,1,0,5093,0,3,1,4
772,22,1,0,5309,0,3,4,1
773,9,1,0,3057,1,3,3,4
775,28,1,0,5121,0,3,1,2
776,12,1,0,16856,0,3,1,3
780,9,1,1,2686,1,3,4,4
781,1,1,0,6180,0,4,4,3
783,19,1,0,6632,0,3,3,2
784,9,1,0,3505,0,3,3,1
785,20,1,1,6397,1,3,3,2
786,1,1,0,6274,0,4,4,4
787,16,1,1,19859,1,3,1,4
789,54,1,0,7587,0,3,1,1
791,49,1,0,4258,0,3,4,4
792,5,1,0,4364,0,3,4,1
793,7,1,0,4335,0,3,3,2
796,1,1,1,5326,0,3,1,4
797,9,1,0,3280,0,3,4,2
799,28,1,0,5485,1,3,1,4
800,20,1,0,4342,0,3,4,3
802,9,1,0,2782,1,3,1,4
803,31,1,0,5980,1,3,1,1
804,9,1,0,4381,0,3,1,3
805,14,1,0,2572,0,3,4,1
806,3,1,0,3833,0,4,3,4
807,59,1,0,4244,0,4,2,3
808,1,1,0,6500,0,3,1,3
809,63,1,0,18430,0,3,4,2
811,3,1,1,1601,1,4,1,3
812,11,1,0,2694,0,3,2,3
813,8,1,0,3149,0,4,3,4
815,58,1,0,17639,0,3,3,3
816,3,1,1,2319,1,3,1,2
817,15,1,0,11691,0,3,3,3
819,1,1,1,5324,0,3,1,1
820,30,1,0,16752,1,3,4,3
823,28,1,0,5228,0,3,2,3
824,9,1,0,2700,0,4,3,3
825,23,1,1,19246,1,3,2,4
826,9,1,0,2506,0,3,3,4
827,28,1,0,6062,1,3,4,4
828,9,1,1,4382,0,3,3,3
829,40,1,0,2143,0,3,2,3
830,28,1,0,6162,0,3,3,3
832,22,1,0,5094,0,3,3,1
833,28,1,0,6877,1,4,4,3
834,9,1,0,2274,0,3,3,2
836,28,1,0,4434,0,3,2,2
837,59,1,0,6288,0,3,1,1
838,4,1,0,2553,0,3,4,3
840,29,1,1,7654,0,3,4,3
842,1,1,1,5160,0,3,4,3
843,58,1,0,17159,0,4,1,2
844,15,1,0,12808,1,3,4,3
845,10,1,0,10221,0,4,3,3
846,1,1,0,4779,1,4,2,2
847,40,1,0,3737,0,3,4,3
848,4,1,1,2366,1,3,3,3
850,49,1,0,1706,0,3,4,4
851,12,1,0,16307,0,3,3,1
852,7,1,0,5933,0,3,2,4
854,9,1,0,3424,0,3,1,1
855,1,1,0,4037,0,4,1,1
856,9,1,0,2559,0,3,1,3
857,1,1,0,6201,1,3,4,2
859,1,1,0,4403,0,3,4,2
861,4,1,0,3761,0,3,4,2
862,29,1,0,10934,1,3,4,1
864,29,1,0,10761,1,3,1,4
865,33,1,0,5175,0,3,3,3
867,72,1,0,13826,0,4,4,3
868,1,1,0,6334,0,3,3,4
869,40,1,0,4936,0,3,4,2
872,28,1,0,4775,0,4,4,4
874,3,1,0,2818,1,4,4,1
875,4,1,0,2515,1,3,4,2
878,40,1,0,2342,0,4,1,1
879,1,1,0,4194,1,3,1,3
880,10,1,0,10685,1,4,3,4
881,4,1,1,2022,1,3,2,4
882,11,1,0,2314,0,3,4,4
885,1,1,0,4256,0,3,1,3
887,9,1,0,3580,0,3,1,3
888,11,1,0,3162,0,3,4,1
889,20,1,0,6524,0,3,2,2
893,14,1,0,2899,0,3,2,2
894,8,1,0,5231,1,3,4,3
895,9,1,0,2356,1,3,4,4
896,14,1,1,2800,1,3,3,2
897,38,1,0,11836,0,3,4,1
899,10,1,0,10903,0,3,2,4
900,48,1,0,2973,0,3,4,3
901,58,1,0,14275,0,3,4,4
902,59,1,0,5562,0,3,4,4
903,1,1,0,4537,1,4,4,3
904,54,1,0,7642,1,3,2,1
905,51,1,0,17924,0,3,1,1
909,34,1,0,5204,0,3,4,4
910,40,1,0,2277,1,3,2,4
911,3,1,1,2795,1,4,4,1
912,3,1,0,2532,0,3,4,1
913,9,1,0,2559,1,3,1,2
916,1,1,0,4908,0,3,4,1
918,5,1,1,2380,1,3,4,4
920,28,1,0,4765,0,4,2,1
922,14,1,1,2044,0,3,3,3
923,9,1,1,2693,0,3,4,4
924,7,1,0,6586,1,3,4,3
925,14,1,0,3294,1,3,4,4
926,28,1,1,4171,1,3,3,2
927,3,1,1,2778,1,3,4,2
930,9,1,0,2377,0,3,3,3
932,3,1,1,2404,1,4,1,4
933,9,1,0,2318,0,3,3,2
934,3,1,0,2008,0,3,2,2
936,1,1,0,6244,0,3,3,3
939,9,1,0,2799,1,3,1,3
940,17,1,0,10552,1,3,2,3
941,14,1,0,2329,0,3,3,2
942,7,1,0,4014,1,4,4,4
944,25,1,0,7403,0,3,2,1
945,9,1,0,2259,0,3,3,4
947,24,1,0,6932,0,3,3,4
949,9,1,0,4678,0,3,4,2
950,15,1,0,13582,0,3,1,4
951,11,1,0,2332,0,4,2,3
952,14,1,1,2413,1,3,2,3
954,29,1,0,9705,0,3,2,1
956,20,1,0,4294,0,3,1,3
957,3,1,0,4721,1,3,1,4
958,3,1,0,2519,0,4,3,3
959,14,1,1,2121,1,3,2,4
960,3,1,1,2973,0,3,1,1
961,7,1,0,5855,1,3,4,4
964,4,1,0,3617,1,3,2,4
966,28,1,0,6725,0,3,1,3
967,29,1,1,10325,1,3,4,3
969,7,1,0,6949,0,3,4,2
970,29,1,1,10609,0,3,3,1
972,39,1,0,4447,0,3,2,3
974,48,1,0,2157,0,3,4,3
975,1,1,0,4601,0,3,3,3
976,30,1,0,17099,0,3,4,4
977,9,1,1,2479,0,4,3,4
981,12,1,0,14852,0,3,3,3
982,29,1,0,7264,0,3,3,3
983,24,1,0,5666,1,3,4,3
984,29,1,0,7823,0,3,4,4
985,29,1,0,7880,0,3,3,1
986,73,1,1,13194,1,3,2,2
987,31,1,0,5067,1,3,3,3
990,24,1,0,5079,0,3,4,1
991,49,1,1,2321,1,4,1,3
992,74,1,0,17444,0,3,3,4
994,9,1,1,2404,1,4,1,4
995,9,1,0,3452,0,3,4,2
996,3,1,0,2270,0,3,4,4
997,58,1,0,17399,0,4,4,4
998,59,1,0,5488,1,3,2,3
999,43,1,0,19419,0,3,3,1
1001,3,1,0,2811,0,3,2,3
1002,39,1,0,3633,1,3,1,4
1003,1,1,0,4163,1,3,4,4
1004,9,1,1,2132,1,3,3,1
1005,67,1,0,13973,1,3,3,4
1006,4,1,0,2684,0,3,3,3
1007,10,1,0,10845,0,3,3,4
1009,28,1,0,4377,0,3,3,4
1010,3,1,1,3743,1,4,2,3
1011,31,1,0,4148,0,3,1,3
1012,49,1,0,1051,0,3,4,2
1013,10,1,0,10739,0,3,3,3
1014,17,1,0,10388,1,3,3,3
1015,15,1,0,11416,1,3,1,2
1016,9,1,1,2600,1,3,1,4
1017,5,1,1,2422,0,3,2,2
1018,28,1,0,5472,0,3,4,4
1019,3,1,0,2451,0,3,1,2
1022,7,1,0,4240,0,3,3,1
1024,17,1,0,10999,0,3,3,3
1025,28,1,0,5003,0,3,3,4
1026,67,1,0,12742,0,3,4,4
1027,28,1,0,4227,0,3,4,1
1028,3,1,0,3917,0,4,4,2
1029,18,1,0,18303,0,3,3,4
1030,3,1,0,2380,0,3,4,1
1032,67,1,0,13726,1,3,4,3
1033,7,1,1,4777,0,3,2,1
1034,59,1,0,6385,1,3,2,3
1035,75,1,0,19973,0,4,3,2
1036,1,1,0,6861,1,3,4,2
1037,24,1,1,4969,0,3,1,2
1038,18,1,1,19845,0,3,4,1
1039,38,1,0,13320,1,3,4,4
1040,24,1,0,6347,0,3,3,4
1042,3,1,1,2743,0,3,1,3
1043,6,1,0,10880,1,3,1,4
1044,65,1,0,2342,0,3,4,2
1045,12,1,0,17650,0,3,4,4
1046,11,1,0,4025,0,3,3,4
1047,1,1,0,9725,0,3,4,2
1048,53,1,0,11904,1,3,4,2
1049,40,1,0,2177,0,3,2,2
1050,21,1,0,7525,0,3,2,3
1052,8,1,1,4834,0,3,3,1
1053,4,1,1,2042,1,3,1,1
1055,14,1,0,2220,1,3,3,3
1056,14,1,0,1052,0,4,2,4
1060,4,1,0,2821,0,3,3,3
1061,23,1,0,19237,1,3,3,2
1062,7,1,0,4107,0,3,2,4
1066,1,1,0,8396,0,3,1,3
1068,4,1,0,2007,0,3,3,1
1069,23,1,0,19627,0,3,4,4
1070,29,1,0,10686,0,3,3,3
1071,4,1,0,2942,0,3,3,1
1073,10,1,0,8858,0,3,4,4
1074,51,1,0,16756,0,3,1,3
1076,29,1,0,10798,0,3,4,3
1077,48,1,1,2323,1,3,4,4
1079,3,1,1,1416,0,3,1,3
1080,33,1,0,4615,1,4,1,4
1081,9,1,1,2461,1,3,3,1
1082,26,1,1,8722,0,3,1,2
1083,3,1,0,3955,0,3,1,1
1084,28,1,0,9957,0,3,1,3
1085,9,1,0,3376,0,3,3,2
1088,17,1,0,8823,0,3,3,3
1092,17,1,0,10322,0,4,4,1
1094,11,1,0,4621,0,3,3,1
1096,6,1,0,10976,0,3,2,4
1097,33,1,0,3660,0,3,3,3
1098,70,1,1,10482,0,3,1,2
1099,17,1,0,7119,0,3,4,4
1100,29,1,1,9582,1,4,1,4
1101,2,1,1,4508,0,4,3,1
1102,3,1,0,2207,0,3,3,1
1103,59,1,0,7756,0,3,4,1
1105,1,1,0,6694,1,3,4,4
1106,3,1,1,3691,1,3,4,4
1107,3,1,1,2377,0,4,3,1
1108,9,1,1,2313,1,4,2,1
1109,30,1,0,17665,0,3,1,4
1111,5,1,1,2596,0,3,2,1
1113,20,1,1,4728,1,3,3,4
1114,20,1,0,4302,0,3,2,4
1115,49,1,0,2979,0,3,4,3
1116,51,1,0,16885,0,4,4,1
1117,24,1,0,5593,0,3,3,2
1118,17,1,0,10445,0,3,2,2
1119,29,1,0,8740,1,3,3,3
1120,9,1,0,2514,0,4,4,3
1121,10,1,0,7655,0,3,2,4
1124,12,1,0,17465,0,3,3,1
1125,29,1,0,7351,0,3,2,4
1126,6,1,0,10820,0,3,1,3
1127,36,1,1,12169,0,3,4,1
1128,23,1,0,19626,0,3,3,3
1131,9,1,0,2070,1,3,2,4
1132,39,1,0,6782,0,3,2,3
1133,13,1,0,7779,0,4,4,1
1135,48,1,0,2791,0,3,4,3
1136,9,1,0,3201,0,3,2,1
1137,20,1,0,4968,0,3,4,4
1138,38,1,0,13120,0,3,2,4
1140,31,1,0,4033,0,3,3,4
1143,4,1,0,3291,0,3,2,4
1148,8,1,0,4272,0,3,4,2
1150,28,1,0,5056,1,3,4,2
1152,40,1,0,2844,0,3,3,3
1154,4,1,0,2703,1,3,3,3
1156,11,1,1,1904,0,3,3,3
1157,1,1,1,8224,1,3,1,1
1158,3,1,0,4766,1,3,4,2
1160,5,1,1,2610,0,3,3,3
1161,7,1,0,5731,0,3,4,3
1162,9,1,0,2539,0,3,3,4
1163,1,1,0,5714,0,4,3,2
1164,40,1,0,4323,0,3,3,3
1165,29,1,1,7336,0,3,1,4
1166,27,1,0,13499,0,3,3,2
1167,60,1,1,13758,1,3,1,3
1171,1,1,0,5155,0,3,1,2
1172,3,1,0,2258,0,3,3,4
1173,3,1,0,3597,0,4,2,4
1175,3,1,1,2515,1,3,4,3
1177,3,1,0,4420,0,4,4,1
1179,1,1,0,6578,0,3,3,3
1180,2,1,0,4422,1,3,4,3
1182,10,1,0,10274,0,3,2,3
1184,59,1,0,5343,0,4,1,4
1185,5,1,0,2376,0,3,4,4
1188,1,1,1,5346,0,3,3,1
1190,65,1,0,2827,0,3,1,3
1191,16,1,0,19943,0,3,1,4
1192,3,1,0,3131,0,3,4,2
1193,9,1,0,2552,0,4,1,3
1195,9,1,0,4477,1,3,3,1
1196,28,1,0,6474,0,3,4,4
1198,3,1,0,3033,0,3,3,1
1200,9,1,1,2936,1,3,3,3
1201,16,1,0,18606,0,3,3,4
1202,9,1,0,2168,1,3,4,2
1203,4,1,1,2853,1,3,4,3
1204,12,1,0,17048,0,4,1,3
1206,49,1,0,2290,0,3,3,4
1207,40,1,0,3600,0,3,3,2
1210,49,1,1,2107,0,3,1,1
1211,1,1,0,4115,0,3,1,3
1212,20,1,0,4327,0,3,2,2
1215,47,1,0,17856,0,4,1,4
1216,3,1,0,3196,0,3,1,4
1217,23,1,0,19081,0,3,2,4
1218,1,1,0,8966,1,3,1,3
1219,3,1,1,2210,0,3,2,4
1220,20,1,0,4539,0,3,3,2
1221,3,1,0,2741,0,3,3,3
1224,8,1,0,3491,0,3,3,3
1225,33,1,0,4541,0,4,4,4
1226,14,1,0,2678,0,3,4,3
1228,28,1,0,7379,0,3,4,4
1231,76,1,0,6272,0,3,1,4
1233,1,1,0,5220,1,3,4,2
1234,5,1,0,2743,0,4,2,3
1235,2,1,0,4998,1,3,3,4
1237,10,1,0,10252,1,4,1,3
1238,9,1,0,2781,0,3,4,1
1239,1,1,0,6852,0,3,2,2
1240,1,1,0,4950,0,3,4,3
1241,9,1,0,3579,1,4,2,4
1242,27,1,0,13191,1,3,1,1
1243,54,1,0,10377,1,3,4,3
1244,9,1,0,2235,1,3,1,1
1245,6,1,0,10502,0,3,3,4
1246,9,1,0,2011,0,3,4,1
1248,49,1,1,1859,1,4,2,1
1249,9,1,0,3760,0,3,4,1
1250,58,1,0,17779,0,3,4,4
1251,7,1,0,6833,1,3,1,3
1252,7,1,0,6812,0,3,1,3
1254,1,1,0,5171,0,3,4,3
1255,23,1,0,19740,0,3,4,3
1256,16,1,0,18711,0,3,3,1
1257,4,1,0,3692,0,3,2,3
1258,3,1,0,2559,0,3,2,4
1259,9,1,0,2517,0,3,3,1
1260,7,1,0,6623,1,3,4,3
1263,23,1,0,18265,0,3,4,4
1264,58,1,0,16124,0,3,4,4
1265,9,1,0,2585,0,3,3,3
1267,18,1,0,18213,0,3,2,2
1268,29,1,0,8380,1,3,3,4
1269,9,1,0,2994,1,3,4,2
1270,9,1,0,1223,0,4,3,4
1273,48,1,1,1118,1,3,4,3
1275,9,1,0,2875,1,4,4,3
1277,18,1,1,18824,1,3,2,1
1278,77,1,0,13577,1,3,2,4
1279,5,1,1,2625,0,4,3,1
1280,18,1,0,18789,0,3,2,4
1281,1,1,0,4538,1,3,1,3
1282,78,1,0,19847,1,4,2,4
1283,10,1,0,10512,0,3,4,4
1285,22,1,0,4444,0,3,2,3
1286,5,1,0,2154,1,3,3,4
1288,16,1,0,19190,0,3,1,3
1289,79,1,0,4490,0,3,2,3
1291,9,1,0,3506,1,3,3,3
1292,33,1,0,2372,1,3,2,2
1293,29,1,0,10231,0,3,4,4
1294,28,1,0,5410,1,3,2,3
1295,17,1,1,7978,0,3,4,1
1296,5,1,0,3867,1,3,4,4
1297,5,1,0,2838,0,3,3,2
1298,13,1,0,4695,1,3,3,3
1299,3,1,1,3339,1,3,3,2
1301,9,1,0,2080,0,3,1,4
1303,9,1,0,2096,0,3,2,4
1304,1,1,0,6209,0,3,4,3
1306,63,1,0,18061,0,4,2,2
1307,30,1,0,17123,1,3,2,3
1308,9,1,0,2372,0,3,3,1
1309,8,1,1,4883,0,3,3,4
1310,9,1,1,3904,0,3,1,3
1311,8,1,0,4627,0,3,4,1
1312,17,1,0,7094,0,3,3,4
1314,40,1,0,3423,0,3,1,4
1315,39,1,0,6674,0,3,4,3
1317,58,1,0,16880,1,3,1,4
1318,29,1,1,9094,1,3,2,4
1319,29,1,1,8446,1,3,2,2
1321,45,1,0,11916,1,4,1,2
1322,28,1,0,4534,0,3,3,1
1324,54,1,0,9852,1,3,3,4
1329,24,1,0,6151,0,3,2,3
1331,48,1,1,2302,1,3,2,4
1333,3,1,1,2362,0,3,1,1
1334,51,1,0,17861,1,3,3,3
1336,16,1,0,19187,0,3,3,4
1338,71,1,0,19717,0,3,2,4
1340,49,1,0,3544,0,3,3,3
1344,17,1,0,8500,0,3,4,4
1346,33,1,0,4661,0,3,4,3
1349,20,1,0,4103,0,3,1,3
1350,2,1,0,4249,1,3,3,3
1352,80,1,0,14026,1,3,2,3
1355,1,1,0,6893,0,3,1,2
1356,1,1,0,6125,0,3,1,3
1358,3,1,0,3669,0,3,4,4
1360,10,1,1,10008,1,3,1,3
1361,3,1,0,2387,0,4,2,2
1362,20,1,0,4639,0,3,1,1
1363,10,1,0,7898,0,3,4,4
1364,14,1,0,2534,0,3,4,3
1367,67,1,0,13142,0,3,2,4
1368,11,1,0,1611,0,3,4,4
1369,8,1,0,5363,0,3,4,4
1371,20,1,0,5071,0,4,4,4
1372,38,1,1,13695,1,3,3,1
1373,67,1,0,13402,1,3,2,4
1374,49,1,0,2029,0,4,3,1
1375,7,1,0,6377,0,4,3,2
1377,8,1,0,5429,0,3,3,2
1379,48,1,1,2785,0,3,4,3
1380,20,1,1,4614,1,3,3,4
1382,4,1,0,2610,0,3,3,4
1383,7,1,0,6687,0,3,4,3
1387,1,1,0,4724,0,3,1,3
1389,28,1,1,6179,1,3,3,4
1390,1,1,0,6120,1,3,4,1
1391,21,1,0,10596,0,3,2,2
1392,2,1,0,5467,1,3,4,4
1394,9,1,0,2996,1,3,3,3
1395,20,1,0,9998,0,3,4,2
1396,1,1,0,4078,1,3,2,3
1397,26,1,0,10920,0,4,3,3
1399,1,1,0,6232,0,3,3,1
1401,72,1,0,13247,1,3,3,4
1402,33,1,0,4081,1,3,3,1
1403,1,1,0,5769,1,3,4,4
1405,9,1,1,2394,1,3,3,4
1407,9,1,0,3904,0,3,4,1
1408,80,1,0,16799,0,3,1,3
1409,3,1,0,2950,0,3,1,3
1411,3,1,0,3629,0,3,3,1
1412,6,1,0,9362,0,3,4,3
1415,3,1,0,3229,0,3,4,1
1417,3,1,0,3578,0,3,1,3
1419,70,1,0,7988,0,3,1,2
1420,22,1,1,4284,0,4,1,1
1421,37,1,1,7553,1,3,4,3
1422,58,1,0,17328,0,3,4,4
1423,23,1,0,19701,1,4,1,4
1424,58,1,0,14732,0,3,4,2
1425,1,1,0,9278,1,3,2,1
1427,48,1,1,1359,0,3,3,2
1428,1,1,0,4779,0,3,1,4
1430,58,1,0,16422,0,3,2,1
1431,4,1,0,2996,0,3,1,4
1433,9,1,1,1261,0,3,2,1
1434,3,1,0,2099,0,3,1,2
1435,8,1,0,5810,0,3,4,1
1436,1,1,0,5647,0,3,1,3
1438,9,1,0,3420,0,3,4,1
1439,14,1,1,4400,0,3,1,1
1440,11,1,0,3500,0,3,3,3
1441,9,1,0,2066,0,4,1,1
1443,58,1,0,17169,0,3,3,1
1445,1,1,0,4162,1,3,3,4
1446,1,1,0,9204,0,3,4,4
1447,3,1,0,3294,0,3,2,4
1448,9,1,0,2127,1,3,3,2
1449,39,1,0,3975,0,3,3,3
1453,29,1,0,10793,0,3,4,1
1457,29,1,1,10096,0,3,4,1
1458,11,1,1,3646,1,4,1,1
1459,6,1,1,7446,0,3,2,3
1460,17,1,0,10851,1,3,1,2
1461,40,1,0,2109,0,3,2,4
1464,5,1,1,3722,1,3,4,2
1465,10,1,0,9380,1,3,4,2
1466,1,1,0,5486,0,3,1,3
1467,40,1,1,2742,0,3,3,1
1468,57,1,0,13757,0,3,2,4
1469,1,1,0,8463,0,3,1,4
1471,11,1,0,3162,0,3,3,3
1472,58,1,0,16598,0,3,2,4
1473,7,1,0,6651,0,3,3,1
1474,9,1,0,2345,0,3,3,3
1475,9,1,0,3420,0,3,2,4
1477,20,1,0,4373,0,3,1,4
1478,1,1,0,4759,0,3,1,4
1479,1,1,0,5301,0,3,3,4
1480,5,1,0,3673,0,3,4,1
1481,20,1,0,4768,0,3,3,1
1482,49,1,0,1274,0,3,3,3
1483,33,1,0,4900,0,4,3,2
1484,17,1,0,10466,0,3,2,3
1485,81,1,0,17007,0,3,1,2
1486,48,1,1,2909,0,3,3,1
1487,20,1,1,5765,0,3,2,1
1489,1,1,1,4599,1,4,2,1
1492,14,1,0,2404,0,3,3,4
1494,5,1,1,3172,1,3,1,2
1495,65,1,0,2033,0,3,2,4
1496,6,1,0,10209,1,3,3,2
1497,1,1,0,8620,0,3,3,3
1499,40,1,0,2064,0,4,3,3
1501,7,1,0,4035,1,3,3,4
1502,3,1,0,3838,0,3,2,1
1503,1,1,0,4591,1,3,3,3
1504,5,1,1,2561,0,3,1,3
1506,9,1,0,1563,0,3,3,1
1507,20,1,0,4898,0,3,1,3
1509,8,1,0,4789,0,4,1,3
1513,5,1,0,3180,0,3,2,4
1514,28,1,0,6549,0,3,2,3
1515,7,1,0,6388,1,3,3,4
1516,45,1,0,11244,0,4,4,3
1520,47,1,0,16032,0,4,4,2
1522,9,1,1,2362,0,3,1,1
1523,58,1,0,16328,0,3,1,4
1525,10,1,0,8376,0,3,2,2
1527,12,1,0,16606,0,3,2,3
1529,17,1,0,8606,0,3,2,4
1533,8,1,0,2272,0,3,3,1
1534,3,1,1,2018,0,3,1,4
1535,29,1,0,7083,1,3,3,4
1537,4,1,1,4084,0,3,3,4
1539,81,1,0,14411,1,3,4,3
1541,14,1,0,2308,1,4,3,2
1542,3,1,0,4841,0,3,2,3
1543,33,1,0,4285,0,3,4,1
1544,7,1,0,9715,0,3,1,3
1545,28,1,0,4320,0,3,2,4
1546,9,1,0,2132,0,4,4,4
1547,37,1,0,10124,1,3,4,4
1548,1,1,0,5473,0,3,1,1
1549,8,1,0,5207,1,3,3,2
1550,80,1,0,16437,1,4,4,3
1551,3,1,0,2296,0,3,1,3
1552,41,1,0,4069,1,3,4,4
1553,17,1,0,7441,0,3,2,1
1554,14,1,0,2430,0,4,3,2
1555,33,1,0,5878,0,3,2,4
1556,14,1,0,2644,1,4,4,3
1557,1,1,0,6439,0,3,3,3
1558,9,1,0,2451,0,3,3,3
1560,1,1,0,6392,0,3,1,1
1562,1,1,1,9714,0,3,1,2
1563,79,1,0,6077,0,3,3,3
1564,3,1,0,2450,0,3,1,4
1568,29,1,0,9250,0,3,2,3
1569,3,1,1,2074,1,3,1,1
1572,10,1,1,10169,0,3,4,3
1573,28,1,1,4855,0,3,2,3
1574,35,1,0,4087,0,3,1,4
1576,9,1,0,2367,0,3,1,3
1577,9,1,0,2972,0,3,4,1
1578,18,1,0,19586,0,4,4,3
1580,33,1,0,5484,0,3,4,2
1581,9,1,0,2061,0,4,4,1
1582,1,1,0,9924,0,3,2,3
1583,1,1,0,4198,0,3,2,2
1585,1,1,0,6815,0,3,3,2
1586,3,1,0,4723,1,3,1,2
1587,7,1,0,6142,1,3,3,1
1588,29,1,0,8237,0,3,3,4
1590,59,1,0,8853,0,3,4,1
1591,18,1,0,19331,1,3,3,3
1592,9,1,0,2073,0,3,3,4
1594,22,1,0,5562,1,3,1,1
1595,16,1,0,19613,0,4,4,4
1596,8,1,0,3407,0,3,3,2
1597,59,1,0,5063,0,3,3,4
1598,1,1,0,4639,0,3,1,4
1599,3,1,0,4876,0,3,2,4
1601,3,1,0,2690,0,3,4,3
1602,12,1,0,17567,0,3,1,4
1604,3,1,1,2408,1,3,2,3
1605,49,1,0,2814,1,3,3,2
1606,36,1,0,11245,1,3,3,2
1607,9,1,0,3312,0,3,4,2
1608,23,1,0,19049,1,3,4,2
1609,9,1,0,2141,0,3,2,2
1611,8,1,0,5769,1,3,1,3
1612,24,1,0,4385,0,3,1,1
1613,20,1,0,5332,0,3,1,4
1614,28,1,0,4663,1,3,3,3
1615,31,1,0,4724,0,3,4,3
1617,3,1,0,3211,0,3,1,3
1618,28,1,0,5377,0,3,1,2
1619,3,1,0,4066,0,3,1,4
1621,33,1,0,5208,0,3,1,2
1622,28,1,0,4877,0,4,1,2
1623,9,1,0,3117,0,3,4,3
1624,48,1,1,1569,1,3,4,2
1625,71,1,0,19658,0,3,3,4
1627,8,1,0,3069,0,3,3,3
1628,10,1,0,10435,0,3,3,1
1630,41,1,0,4148,0,3,3,3
1631,28,1,0,5768,0,3,3,3
1633,31,1,0,5042,0,3,3,1
1635,28,1,0,5770,0,3,4,4
1638,10,1,0,7756,1,3,3,4
1639,29,1,1,10306,0,3,1,4
1640,9,1,0,3936,0,3,2,2
1641,10,1,0,7945,1,3,4,3
1642,79,1,0,5743,1,3,4,1
1644,47,1,0,15202,0,4,4,3
1645,1,1,1,5440,1,3,4,1
1646,4,1,0,3760,1,3,4,1
1647,9,1,0,3517,0,3,3,2
1648,4,1,0,2580,0,3,4,4
1649,3,1,1,2166,1,3,1,1
1650,1,1,0,5869,0,3,3,3
1651,17,1,0,8008,0,3,1,2
1653,31,1,0,5206,0,3,3,4
1654,28,1,0,5295,0,4,2,4
1655,58,1,0,16413,0,3,2,1
1656,15,1,0,13269,0,3,1,4
1657,14,1,0,2783,0,3,3,3
1658,33,1,0,5433,0,3,2,4
1659,3,1,0,2013,0,3,2,1
1661,50,1,0,13966,1,3,3,3
1662,13,1,0,4374,0,3,3,4
1664,7,1,0,6842,0,4,1,4
1665,30,1,0,17426,0,4,3,2
1666,58,1,0,17603,0,4,3,3
1667,20,1,1,4581,1,4,4,4
1668,2,1,0,4735,0,3,4,4
1669,1,1,0,4187,1,3,2,1
1670,1,1,0,5505,0,3,4,4
1671,33,1,0,5470,0,3,2,4
1673,1,1,0,5476,0,3,4,1
1674,3,1,0,2587,1,3,1,4
1675,5,1,0,2440,0,4,2,4
1676,12,1,0,15972,0,3,2,2
1677,30,1,0,15379,0,3,3,3
1678,29,1,0,7082,1,3,3,4
1680,14,1,0,2728,0,3,1,4
1681,24,1,0,5368,1,4,4,3
1682,7,1,0,5347,0,3,3,1
1683,40,1,0,3195,1,3,4,3
1684,3,1,1,3989,1,3,3,4
1687,3,1,0,3306,0,3,3,4
1689,17,1,0,7005,0,3,4,2
1691,48,1,1,2655,1,3,3,4
1692,3,1,1,1393,0,3,2,4
1693,11,1,0,2570,0,4,4,4
1694,9,1,0,3537,0,3,2,1
1696,8,1,0,3986,0,3,4,2
1697,17,1,0,10883,0,4,4,3
1698,3,1,0,2028,0,3,2,2
1700,20,1,0,9525,0,3,4,3
1701,9,1,0,2929,0,3,4,2
1702,14,1,1,2275,1,4,4,3
1703,17,1,0,7879,1,3,4,3
1704,4,1,0,4930,1,3,4,1
1706,1,1,0,7847,1,3,4,4
1707,9,1,0,4401,0,3,3,3
1708,29,1,0,9241,0,3,3,4
1709,3,1,0,2974,0,3,3,4
1710,19,1,0,4502,0,3,4,3
1712,26,1,0,10748,0,4,3,3
1714,40,1,1,1555,0,3,3,4
1716,60,1,1,12936,0,3,3,3
1718,3,1,0,2305,0,3,3,4
1719,58,1,0,16704,0,3,2,4
1720,4,1,0,3433,0,3,3,1
1721,3,1,0,3477,0,3,3,2
1722,76,1,0,6430,0,3,2,3
1724,28,1,0,6516,1,3,1,2
1725,3,1,0,3907,0,3,1,2
1727,7,1,0,5562,0,3,2,3
1728,28,1,0,6883,0,3,3,4
1729,9,1,0,2862,0,3,4,2
1731,24,1,0,4978,0,3,2,3
1732,29,1,0,10368,1,3,4,3
1733,1,1,1,6134,1,3,1,2
1734,1,1,1,6735,0,3,2,1
1735,3,1,0,3295,0,3,2,3
1736,31,1,0,5238,0,4,4,4
1737,39,1,0,6472,1,3,4,4
1739,29,1,0,9610,0,3,3,4
1740,18,1,0,19833,0,3,2,2
1744,70,1,0,9756,0,4,3,3
1745,4,1,0,4968,0,3,1,4
1746,68,1,0,2145,0,3,4,1
1747,68,1,1,2180,0,3,4,3
1749,1,1,0,8346,0,3,3,1
1751,9,1,0,3445,0,3,4,3
1752,14,1,1,2760,0,3,2,2
1753,59,1,0,6294,1,3,3,4
1754,29,1,0,7140,0,3,1,3
1755,9,1,0,2932,1,3,4,4
1756,24,1,0,5147,0,3,2,4
1757,1,1,0,4507,0,3,4,4
1758,29,1,1,8564,1,4,1,1
1760,5,1,0,2468,0,3,2,3
1761,29,1,1,8161,0,3,3,1
1762,9,1,0,2109,0,3,1,4
1763,7,1,0,5294,0,3,3,3
1764,49,1,0,2718,0,3,2,2
1766,7,1,0,5811,1,3,4,2
1767,4,1,1,2437,1,3,3,3
1768,3,1,0,2766,0,4,2,2
1770,23,1,0,19038,0,3,1,3
1771,35,1,0,3055,0,3,2,4
1772,3,1,0,2289,0,4,1,3
1774,24,1,0,4001,1,3,3,4
1775,82,1,0,12965,1,4,3,1
1778,40,1,0,3539,0,3,4,2
1779,1,1,0,6029,0,3,4,4
1780,14,1,1,2679,0,3,2,2
1782,3,1,0,3702,0,3,3,4
1783,3,1,1,2398,1,3,1,3
1784,1,1,0,5468,0,3,4,1
1786,45,1,0,13116,0,3,3,1
1787,1,1,0,4189,0,3,2,2
1789,23,1,0,19328,1,3,4,3
1790,17,1,0,8321,1,3,1,4
1792,4,1,1,2342,1,3,2,3
1794,34,1,0,4071,0,3,2,3
1797,1,1,1,5813,1,3,4,3
1798,9,1,0,3143,0,3,1,4
1799,9,1,0,2044,0,3,4,3
1800,15,1,0,13464,0,4,3,3
1801,24,1,0,7991,0,3,2,2
1802,3,1,0,3377,0,3,1,3
1803,7,1,0,5538,0,3,1,2
1804,13,1,0,5762,0,3,4,2
1805,83,1,0,2592,0,3,2,1
1807,22,1,1,5346,0,3,1,4
1809,28,1,1,4213,0,3,1,4
1812,20,1,0,4127,0,3,4,3
1813,49,1,0,2438,0,3,3,1
1814,7,1,0,6870,0,3,2,2
1815,29,1,0,10447,1,3,3,3
1816,10,1,0,9667,0,3,3,1
1818,40,1,1,2148,1,3,2,4
1821,7,1,1,8926,0,4,2,4
1822,7,1,0,6513,0,3,4,3
1823,1,1,0,6799,0,4,3,2
1824,74,1,0,16291,0,4,2,2
1826,3,1,0,2705,0,3,3,2
1827,10,1,0,10333,1,3,2,3
1829,7,1,0,4448,0,3,1,2
1830,33,1,0,6854,0,3,4,4
1833,21,1,0,9637,0,3,1,1
1834,9,1,0,3591,0,4,1,3
1835,19,1,0,5405,1,4,4,2
1836,1,1,0,4684,0,3,4,3
1837,81,1,0,15787,1,3,3,1
1839,49,1,0,1514,0,3,3,2
1842,40,1,1,2956,0,3,1,4
1844,40,1,1,2335,1,3,1,1
1845,24,1,0,5154,0,4,3,3
1847,33,1,0,6962,1,4,2,4
1849,20,1,0,5675,0,4,4,1
1850,5,1,0,2379,1,3,4,4
1852,5,1,0,3812,0,3,4,4
1853,20,1,0,4648,0,3,4,4
1854,49,1,0,2936,0,4,3,3
1856,3,1,0,2105,0,3,3,2
1857,10,1,0,8578,0,3,4,4
1858,83,1,0,2706,0,3,4,3
1859,7,1,0,6384,0,3,3,4
1860,3,1,0,3968,0,3,3,4
1862,1,1,1,9907,1,3,2,3
1863,38,1,0,13225,0,3,1,1
1864,19,1,0,3540,0,4,3,2
1865,40,1,0,2804,0,3,2,4
1866,16,1,0,19392,0,3,3,1
1867,23,1,0,19665,0,3,2,4
1868,4,1,1,2439,1,4,4,4
1869,29,1,1,7314,0,4,2,3
1870,4,1,0,4774,0,3,1,4
1871,33,1,0,3902,0,3,4,4
1873,9,1,0,2662,0,4,4,2
1875,14,1,0,2856,0,3,2,2
1876,14,1,1,1081,0,3,4,2
1878,9,1,1,2472,1,4,2,4
1880,1,1,0,5673,1,3,3,2
1881,8,1,0,4197,0,3,3,2
1882,29,1,0,9713,1,3,4,3
1883,3,1,0,2062,0,3,1,4
1885,33,1,0,4284,1,4,1,4
1886,28,1,0,4788,1,3,2,4
1888,28,1,0,5906,0,3,4,2
1890,79,1,0,3886,0,4,4,2
1892,30,1,0,16823,0,3,1,1
1893,9,1,0,2933,1,3,3,2
1898,1,1,0,6500,0,3,3,1
1900,47,1,0,17174,0,3,4,4
1903,7,1,0,5033,0,3,1,2
1905,49,1,1,2307,1,4,1,4
1907,3,1,1,2587,0,3,4,1
1908,1,1,0,5507,0,3,2,3
1909,1,1,0,4393,0,4,2,3
1911,15,1,0,13348,0,3,1,3
1912,1,1,0,6583,1,3,4,3
1915,1,1,0,8103,1,3,4,4
1916,3,1,0,3978,0,3,3,1
1918,5,1,0,2544,0,3,4,3
1922,59,1,0,5399,0,3,3,2
1924,1,1,0,5487,0,3,3,2
1927,20,1,0,6834,1,3,4,3
1928,48,1,1,1091,0,3,1,3
1929,24,1,0,5736,0,3,3,1
1931,9,1,0,2226,0,3,2,2
1932,2,1,0,5747,1,3,4,3
1933,1,1,1,9854,1,3,3,4
1934,35,1,0,5467,0,3,2,3
1935,1,1,0,5380,0,3,1,4
1936,28,1,0,5151,0,4,1,1
1937,2,1,0,2133,1,3,2,4
1938,12,1,0,17875,1,3,4,4
1939,4,1,1,2432,1,3,3,1
1940,9,1,0,4771,0,3,4,2
1941,43,1,0,19161,0,3,4,2
1943,1,1,0,5087,1,3,4,2
1944,68,1,1,2863,0,3,2,1
1945,1,1,0,5561,0,3,1,2
1947,49,1,0,2144,0,3,3,3
1948,49,1,0,3065,1,3,1,3
1949,11,1,0,2810,0,4,2,1
1950,29,1,0,9888,0,4,4,1
1951,29,1,0,8628,0,3,3,4
1952,3,1,0,2867,0,3,1,3
1954,7,1,0,5373,0,3,1,1
1955,41,1,0,6667,0,3,4,3
1956,2,1,0,5003,0,4,1,4
1960,3,1,1,2367,0,3,4,3
1961,14,1,0,2858,0,3,1,1
1962,1,1,0,5204,1,3,4,3
1965,1,1,0,4105,0,3,4,4
1966,28,1,0,9679,0,4,4,4
1967,20,1,1,5617,1,3,4,1
1968,29,1,1,10448,1,3,1,1
1969,33,1,0,2897,0,3,3,1
1970,59,1,0,5968,0,4,3,4
1971,17,1,0,7510,0,3,3,1
1972,68,1,0,2991,1,3,2,4
1973,71,1,0,19636,1,3,2,3
1974,3,1,0,1129,1,3,4,4
1975,38,1,0,13341,0,3,1,2
1976,35,1,0,4332,0,3,3,4
1979,57,1,0,11031,0,4,3,3
1980,28,1,0,4440,1,3,1,3
1981,7,1,0,4617,0,3,3,2
1982,3,1,0,2647,0,3,4,4
1985,22,1,0,6323,0,3,3,4
1986,1,1,0,5677,0,3,2,2
1987,40,1,0,2187,0,3,2,3
1989,3,1,0,3748,0,3,2,4
1992,3,1,0,3977,1,3,3,4
1993,17,1,0,8633,0,4,3,1
1994,11,1,0,2008,0,3,3,2
1995,1,1,0,4440,0,3,2,4
1996,14,1,0,3067,0,3,3,1
1997,31,1,0,5321,0,3,3,1
1998,33,1,0,5410,1,3,1,4
1999,9,1,0,2782,0,4,4,4
2000,57,1,0,11957,0,3,2,3
2003,3,1,0,2660,1,3,3,4
2007,9,1,0,3375,0,3,3,4
2008,33,1,0,5098,0,3,3,2
2009,7,1,0,4878,1,3,4,2
2010,3,1,0,2837,0,3,2,3
2012,3,1,0,2406,0,3,4,1
2013,14,1,0,2269,0,3,2,2
2014,33,1,0,4108,0,3,4,1
2015,15,1,0,13206,0,3,3,2
2016,29,1,0,10422,0,3,4,3
2017,15,1,0,13744,1,4,4,3
2018,1,1,0,4907,1,4,3,1
2019,65,1,0,3482,0,3,4,1
2020,9,1,0,2436,1,3,4,2
2021,14,1,0,2380,1,3,1,3
2022,84,1,0,19431,0,3,4,4
2023,48,1,1,1790,0,3,1,4
2024,29,1,0,7644,0,3,4,1
2025,31,1,0,5131,0,3,2,4
2026,41,1,0,6306,0,4,3,3
2027,9,1,1,4787,1,3,4,1
2031,16,1,0,18880,0,3,3,1
2032,3,1,1,2339,0,3,3,4
2034,67,1,0,13570,0,4,2,1
2035,1,1,0,6712,0,4,3,4
2036,24,1,0,5406,0,4,4,4
2037,1,1,0,8938,0,3,2,3
2038,9,1,0,2439,0,3,1,4
2040,70,1,0,8837,1,3,4,3
2041,1,1,0,5343,0,3,4,1
2044,20,1,1,6728,0,3,3,2
2045,1,1,0,6652,0,3,4,2
2046,1,1,0,4850,0,3,3,4
2048,9,1,0,2809,0,3,3,3
2049,59,1,0,5689,1,3,3,3
2051,9,1,0,2001,0,3,3,3
2052,9,1,0,2977,0,3,4,3
2053,8,1,0,4025,1,3,2,4
2054,9,1,0,3785,0,3,1,4
2055,29,1,1,10854,1,3,1,4
2056,38,1,0,12031,0,3,4,2
2057,13,1,0,9936,0,3,1,2
2060,14,1,0,2966,0,3,3,4
2061,22,1,0,2571,0,3,4,3
2062,17,1,0,9991,0,3,1,4
2064,28,1,0,6142,1,4,2,2
2065,20,1,0,5390,0,3,2,4
2068,8,1,0,4404,0,3,3,2
